"cluster","gene","avg_log2FC","pct.1","pct.2","p_val_adj"
"0","AQP2",2.84756110115835,0.598,0.056,0
"0","PWRN1",2.4380593080461,0.452,0.03,0
"0","SCNN1G",2.43385167381566,0.493,0.036,0
"0","APCDD1L-DT",2.41436083217862,0.552,0.063,0
"0","FXYD4",2.39732737072997,0.418,0.028,0
"0","PDE10A",2.37714055554465,0.565,0.15,0
"0","BTG2",2.28259761669259,0.532,0.14,0
"0","AQP3",2.17815347500426,0.357,0.035,0
"0","GDF15",2.13171837231611,0.485,0.121,0
"0","GATA3",2.12808846605244,0.537,0.079,0
"0","KRT19",1.96561257278849,0.314,0.051,0
"0","PFKFB3",1.93337519380113,0.383,0.054,0
"0","ATP1B3",1.88516289700413,0.41,0.116,0
"0","IER3",1.84865916378389,0.345,0.084,0
"0","CADPS2",1.77641173049223,0.633,0.194,0
"0","HSD11B2",1.77636888862846,0.795,0.33,0
"0","HES1",1.75128320573233,0.33,0.067,0
"0","PNP",1.73400649262914,0.314,0.06,0
"0","PRKAG2-AS2",1.73260250057248,0.275,0.022,0
"0","PIK3C2G",1.71424960165875,0.723,0.201,0
"0","SHCBP1",1.63165929343019,0.277,0.012,0
"0","SLC9A4",1.60692631998251,0.317,0.028,0
"0","PDE4D",1.60085643489835,0.784,0.444,0
"0","SCNN1B",1.55152592913667,0.279,0.022,0
"0","WSB1",1.54509711057752,0.924,0.634,0
"0","NDRG1",1.53540904323919,0.649,0.28,0
"0","TRPM3",1.508797144778,0.612,0.207,0
"0","GATA2",1.50298987844782,0.285,0.038,0
"0","SCIN",1.50218254675075,0.631,0.265,0
"0","TOP6BL",1.49509124746398,0.468,0.13,0
"1","PRODH2",3.15800358084117,0.861,0.158,0
"1","MIOX",3.06977889821192,0.827,0.178,0
"1","FTCD",3.00422997509677,0.888,0.201,0
"1","AFM",2.91409463568756,0.674,0.116,0
"1","SLC6A13",2.78489617753606,0.796,0.177,0
"1","SLC22A6",2.75803528380849,0.658,0.114,0
"1","GPX3",2.71441666469499,0.796,0.204,0
"1","SLC34A1",2.58439114241439,0.518,0.089,0
"1","CUBN",2.5749891532988,0.848,0.186,0
"1","LRP2",2.50408798790188,0.856,0.214,0
"1","CLEC18A",2.49977225914112,0.563,0.12,0
"1","ACSM2B",2.44229477348727,0.845,0.195,0
"1","CYP3A5",2.40544543999607,0.557,0.178,0
"1","ACSM2A",2.36117926867772,0.87,0.213,0
"1","ACSF2",2.34154969227904,0.549,0.133,0
"1","PAH",2.29499354881455,0.7,0.148,0
"1","SLC16A9",2.28259118351928,0.585,0.133,0
"1","SLC22A11",2.25774273171778,0.437,0.085,0
"1","SLC5A12",2.25120842738717,0.719,0.153,0
"1","PTH1R",2.25118520278266,0.908,0.411,0
"1","ANK2",2.23847251622421,0.577,0.23,0
"1","DPEP1",2.19994549297888,0.453,0.101,0
"1","AMN",2.1670970520462,0.402,0.087,0
"1","ALDOB",2.15499936418543,0.527,0.12,0
"1","SLC13A3",2.13768856391887,0.526,0.11,0
"1","RASSF4",2.09812937589964,0.62,0.217,0
"1","SLC17A1",2.0680924044719,0.492,0.126,0
"1","AGXT2",2.06345586149871,0.4,0.084,0
"1","PDZK1IP1",2.04262430620954,0.431,0.108,0
"1","ANPEP",2.02599258951247,0.446,0.107,0
"2","SLC12A3",5.12300424190856,0.966,0.093,0
"2","TRPM7",2.90422357157521,0.887,0.346,0
"2","EGF",2.66487492043504,0.79,0.182,0
"2","TRPM6",2.57875530859994,0.55,0.051,0
"2","RNPC3",2.42024930063813,0.943,0.603,0
"2","TMEM52B",2.30150606742411,0.802,0.185,0
"2","KLHL3",2.24432977709617,0.653,0.123,0
"2","ABCA5",2.01269041585997,0.814,0.359,0
"2","SPP1",1.99599064997768,0.468,0.124,0
"2","KNG1",1.91644243562176,0.677,0.145,0
"2","WNK1",1.91431073207183,0.934,0.447,0
"2","TRIM50",1.78169652599624,0.378,0.023,0
"2","FMN1",1.78136572666241,0.459,0.061,0
"2","ENSG00000283228",1.74516000040281,0.52,0.111,0
"2","ABCA10",1.71278965119502,0.543,0.142,0
"2","ICA1",1.6817009458537,0.551,0.141,0
"2","CPEB4",1.62119066868155,0.69,0.341,0
"2","ENSG00000197099",1.56955335729553,0.478,0.1,0
"2","SLC19A3",1.5107833607022,0.296,0.031,0
"2","ENSG00000263146",1.48200277142973,0.3,0.015,0
"2","AMY2B",1.48195069798939,0.367,0.077,0
"2","CACNA1D",1.47292971239298,0.431,0.105,0
"2","IVNS1ABP",1.46229379965632,0.784,0.414,0
"2","LOC105377862",1.44318161487109,0.324,0.012,0
"2","CNNM2",1.43474944789876,0.387,0.06,0
"2","TSC22D2",1.43229385063122,0.534,0.19,0
"2","SALL3",1.4203507438575,0.293,0.019,0
"2","CLCNKB",1.41820519990716,0.831,0.366,0
"2","WNK4",1.38708103268505,0.493,0.122,0
"2","GCGR",1.36993843423801,0.451,0.125,0
"3","SLC5A12",3.33301911877158,0.97,0.143,0
"3","UGT1A8",2.98511888278254,0.908,0.122,0
"3","ACSM2B",2.93396700001125,0.995,0.195,0
"3","ACSM2A",2.91974462928428,0.999,0.215,0
"3","SLC36A2",2.81615655823746,0.888,0.072,0
"3","PCK1",2.72495381477756,0.7,0.127,0
"3","PAH",2.72441627551719,0.955,0.138,0
"3","CUBN",2.69254394676539,0.983,0.188,0
"3","CYP4A11",2.6917970005345,0.788,0.062,0
"3","SLC13A3",2.58489629505355,0.875,0.09,0
"3","ALDOB",2.50343586842121,0.869,0.1,0
"3","SLC22A8",2.23019289119803,0.747,0.055,0
"3","UPB1",2.2016855947121,0.712,0.045,0
"3","SLC16A9",2.19773717201989,0.872,0.118,0
"3","BHMT2",2.15737495773652,0.905,0.231,0
"3","SLC17A1",2.14706687699591,0.838,0.105,0
"3","SLC47A1",2.14550547374815,0.777,0.099,0
"3","SLC17A3",2.11427993272717,0.655,0.05,0
"3","RAB11FIP3",2.1050660904381,0.843,0.168,0
"3","ERRFI1",2.09624022096577,0.845,0.214,0
"3","MME",2.05493580824255,0.836,0.132,0
"3","NOX4",2.04138800340881,0.712,0.08,0
"3","CYP4F3",2.03639720944114,0.677,0.053,0
"3","SLC22A6",2.03459074520026,0.872,0.107,0
"3","LRP2",2.03135254877857,0.978,0.216,0
"3","BHMT",2.02556811949795,0.633,0.078,0
"3","PRODH2",2.0163621122007,0.945,0.165,0
"3","SLC4A4",2.01084581487998,0.737,0.095,0
"3","G6PC1",1.96299639079382,0.496,0.028,0
"3","MIOX",1.95281151721519,0.941,0.18,0
"4","SLC26A7",5.06950991214024,0.964,0.097,0
"4","ADGRF5",4.11152056555935,0.91,0.085,0
"4","CLNK",3.65076500237168,0.874,0.04,0
"4","ENSG00000249601",3.45235320623205,0.872,0.047,0
"4","ENSG00000265460",3.31405703261925,0.783,0.031,0
"4","TMEM101",3.29062859548855,0.813,0.111,0
"4","DMRT2",3.22586658354446,0.727,0.01,0
"4","ATP6V1C2",3.12574128837199,0.783,0.038,0
"4","SHOC1",2.81095298887622,0.653,0.098,0
"4","UAP1",2.75893565767811,0.564,0.066,0
"4","LIMS3-LOC440895",2.69336536734298,0.584,0.026,0
"4","AQP6",2.68120679778523,0.53,0.009,0
"4","ADGRF1",2.55392302847397,0.697,0.11,0
"4","ITGA6",2.48717877402868,0.756,0.187,0
"4","ENSG00000257207",2.44445373308936,0.558,0.022,0
"4","LIMS1",2.38615016367409,0.635,0.098,0
"4","RHBG",2.38545489047569,0.82,0.192,0
"4","LIMS3",2.28734737528366,0.519,0.02,0
"4","IL18",2.22032611314149,0.662,0.063,0
"4","KIT",2.19926465273609,0.523,0.013,0
"4","ENSG00000281769",2.18294456914992,0.444,0.003,0
"4","ARHGAP18",2.17939882176899,0.774,0.205,0
"4","SMIM34",2.14180526714356,0.478,0.012,0
"4","PTGER3",2.07847287878656,0.775,0.274,0
"4","ATP6V0D2",2.01722671429161,0.572,0.058,0
"4","GPAA1P2",1.98511901149663,0.423,0.012,0
"4","SLIT2",1.97092323766202,0.589,0.095,0
"4","HCAR2",1.938223287325,0.384,0.004,0
"4","ENSG00000273471",1.9169724349852,0.399,0.009,0
"4","ENSG00000283684",1.89894979627872,0.383,0.01,0
"5","UMOD",3.17414218093135,0.821,0.148,0
"5","SLC12A1",3.07507140700583,0.972,0.179,0
"5","GP2",2.77745638241227,0.65,0.08,0
"5","RP1",2.17529137104538,0.516,0.085,0
"5","CLDN16",2.12419769085232,0.37,0.038,0
"5","TMEM207",1.84958702992951,0.279,0.006,0
"5","CASR",1.61796180996648,0.323,0.066,2.73370915377576e-269
"5","SIM2",1.54354080381592,0.309,0.062,6.70372574218784e-258
"5","PLCB1",1.24307727636461,0.316,0.073,9.64932925778654e-217
"5","TFAP2B",1.50031732313689,0.326,0.089,1.01502632509875e-184
"5","KNG1",1.41415438647274,0.479,0.184,2.6343459445864e-176
"5","PDE1A",1.36098258496178,0.461,0.177,1.50543062208762e-172
"5","CLCNKB",1.28302074246959,0.711,0.396,8.84555013135691e-161
"5","LINC01606",1.23938408690084,0.367,0.131,3.82719865138755e-146
"5","PCDH9",1.31560883176825,0.425,0.17,8.93868003705729e-141
"5","ATP1A1",1.1206097222656,0.726,0.491,6.94450419092898e-140
"5","CLCNKA",1.31279832487204,0.647,0.377,6.55147491553515e-133
"5","NAV2",1.62491832443385,0.465,0.223,1.94617431343801e-132
"5","CKB",1.39294468026394,0.434,0.192,1.73877231471737e-130
"5","FXYD2",1.1286773708986,0.703,0.481,1.1777755882716e-127
"5","SLC4A7",1.19173689742519,0.295,0.097,2.45233050794661e-123
"5","F11",1.14627603147021,0.305,0.106,3.67502880143558e-119
"5","TMEM72",1.23027482680525,0.43,0.193,2.48308453217621e-117
"5","ATP1B1",0.901807379270642,0.757,0.575,2.82912250945632e-116
"5","EGF",1.03866352810702,0.496,0.232,1.17301613234643e-114
"5","ENSG00000197099",1.10851798373663,0.34,0.128,1.21948955023118e-114
"5","TCIM",1.2018801142215,0.336,0.129,1.87135064859826e-109
"5","CLCN5",1.2215178657,0.537,0.314,1.13537244920066e-107
"5","MRPS6",1.28763461371267,0.64,0.441,8.86671445972664e-104
"5","DNASE1",1.22108290939304,0.453,0.227,8.32394469267737e-102
"6","SLC8A1",3.23561522499854,0.864,0.163,0
"6","SLC8A1-AS1",2.83154872195026,0.677,0.086,0
"6","CALB1",2.49894249529982,0.611,0.171,0
"6","NFE2L2",2.45537140612736,0.828,0.36,0
"6","PIK3C2G",2.15392041308322,0.827,0.23,0
"6","ENSG00000271825",1.99059845255712,0.421,0.045,0
"6","ENSG00000271996",1.96647574533461,0.414,0.044,0
"6","HSD11B2",1.93560376694359,0.875,0.357,0
"6","TEX41",1.8811324793196,0.662,0.19,0
"6","ADM",1.83274990517534,0.416,0.081,0
"6","ENSG00000236283",1.63515859450628,0.897,0.401,0
"6","TRPM6",1.58890226746029,0.425,0.086,0
"6","WNK1",1.47479470971238,0.906,0.474,0
"6","LINC01099",1.44237492110127,0.284,0.02,0
"6","TMEM52B",1.38084158612062,0.669,0.227,8.6127398919318e-291
"6","APCDD1L-DT",1.41565536291731,0.447,0.105,2.34744192599625e-286
"6","NR0B2",1.5201018648516,0.256,0.038,4.22910891143305e-267
"6","WSB1",1.13562166937362,0.932,0.654,6.08252150684048e-250
"6","SLC38A11",1.36383626108662,0.574,0.2,8.90840012979984e-250
"6","DPY19L2",1.48859108134974,0.654,0.292,1.91285796408684e-234
"6","ATP1B1",1.31554681753571,0.864,0.568,5.97306420464487e-223
"6","RHCG",1.31047978285139,0.354,0.087,1.12774554351671e-213
"6","COBLL1",1.15344609517768,0.902,0.619,1.46481948373974e-212
"6","SCN3A",1.32473869931408,0.637,0.267,3.24696744232987e-211
"6","SCN2A",1.18285463888407,0.643,0.277,4.28690367109107e-192
"6","PDE4D",1.1397233796222,0.778,0.468,5.71617461051658e-185
"6","EMX1",1.1840112481063,0.36,0.103,5.65579742813636e-183
"6","MALAT1",0.41327165889664,1,1,3.35690721365798e-175
"6","CADPS2",1.24266373291527,0.548,0.23,3.28028423589298e-163
"6","DEFB1",1.44827509168565,0.59,0.29,3.21079237558012e-158
"7","SLC12A1",3.2951095266217,0.998,0.188,0
"7","UMOD",2.59607737183164,0.855,0.156,0
"7","GP2",2.23311025690958,0.753,0.081,0
"7","RP1",2.0791769664615,0.637,0.083,0
"7","ACP3",1.93465188524283,0.479,0.047,0
"7","EGF",1.87250037336035,0.804,0.216,0
"7","CXCL12",1.85579901856367,0.447,0.035,0
"7","SIM2",1.81615150327073,0.532,0.051,0
"7","CLCN5",1.76751832675756,0.813,0.3,0
"7","TCIM",1.72024431605083,0.567,0.117,0
"7","LINC01606",1.69513729144128,0.595,0.12,0
"7","ENSG00000278898",1.64939952761834,0.42,0.052,0
"7","SGIP1",1.56951731982269,0.578,0.12,0
"7","PCDH9",1.56323163670659,0.613,0.161,0
"7","SEMA6D",1.52700050263311,0.5,0.119,0
"7","PLCB1",1.47171270383816,0.461,0.067,0
"7","IRX2",1.46592730501137,0.314,0.016,0
"7","SLC16A12",1.40631372882528,0.609,0.163,0
"7","NTRK2",1.22568195589742,0.3,0.03,0
"7","ENSG00000197099",1.25949673312071,0.499,0.121,1.28202314633026e-286
"7","PDE1A",1.33943088780903,0.592,0.172,7.75063394997709e-285
"7","SLC4A7",1.41579585959433,0.417,0.092,3.67122780086225e-273
"7","WNK4",1.21875349931044,0.521,0.142,2.84065288849607e-258
"7","F11",1.32415718887032,0.424,0.101,2.266845254307e-257
"7","RANBP3L",1.31381574871752,0.385,0.084,3.55276766103136e-255
"7","LINC01762",1.18827212295256,0.373,0.078,1.21425200858414e-254
"7","ERBB4",1.32548868134903,0.6,0.201,9.25010998529585e-254
"7","ENSG00000282278",1.31058955993511,0.33,0.063,1.85170854813454e-251
"7","ATP1A1",1.27652094156353,0.889,0.483,4.75588854535962e-249
"7","DNASE1",1.25799294627227,0.623,0.219,2.64681541305474e-241
"8","ENSG00000211459",1.96883366897613,0.949,0.928,4.390578944213e-221
"8","ENSG00000210082",2.43030249373645,0.992,0.984,8.02289440223438e-220
"8","ENSG00000281383",1.37659444790068,1,0.999,6.64547671970727e-176
"8","ENSG00000269028",2.4300306221918,0.72,0.615,8.3706622651957e-102
"8","FTCD",1.91037953602058,0.484,0.252,4.38450792981195e-81
"8","COX1",1.45690191788419,0.645,0.603,1.47967319125959e-55
"8","PTH1R",1.32929869034231,0.613,0.448,3.69221867495171e-52
"8","MIOX",1.6098123931018,0.416,0.227,3.10066347972425e-51
"8","SYNE2",1.12399776482408,0.776,0.772,1.65590843943137e-45
"8","ND6",1.7618978010607,0.405,0.263,1.13153122042416e-42
"8","AFM",1.41268176830581,0.301,0.16,3.41256727349265e-34
"8","ND5",1.5205991775845,0.439,0.352,4.34640786304931e-27
"8","SLC6A13",1.3060578022196,0.355,0.227,8.72954464047827e-27
"8","PRODH2",1.32163634211624,0.348,0.216,2.69309072781533e-26
"8","ND4L",1.55182798546626,0.451,0.377,2.40855308455458e-24
"8","COX2",1.71383472185685,0.399,0.301,1.76916405554743e-23
"8","ND2",1.48752623857495,0.29,0.18,6.39547151562036e-23
"8","LRP2",1.1511073282702,0.384,0.267,9.7011650495216e-20
"8","GPX3",1.1596901262125,0.359,0.252,1.71832867943278e-18
"8","ND1",1.31199261837573,0.313,0.228,9.91588285375721e-15
"8","CYTB",1.46432812908145,0.341,0.267,5.13712473100456e-14
"8","MTCO1P12",1.34954707784255,0.359,0.291,1.17515950348293e-13
"8","CUBN",0.737954465520588,0.341,0.242,3.10434872510644e-11
"8","ATP6",1.43851127899958,0.378,0.32,8.66556550113544e-11
"8","ENSG00000281181",1.22698560227097,0.456,0.422,7.42975961746173e-10
"8","GOLGA4",0.976628861793624,0.535,0.553,1.37292571377361e-08
"8","USP34",0.34323436064601,0.309,0.493,1.20723340802314e-07
"8","PPIP5K2",0.301588161111488,0.205,0.339,1.5400552267892e-06
"8","ZNF91",0.255549875047872,0.213,0.349,2.17596075711904e-06
"8","ATP8",1.42227207710219,0.312,0.259,2.35933889537895e-06
"9","CRYAB",3.25505336520306,0.613,0.085,0
"9","ENSG00000285417",3.14814076656558,0.705,0.073,0
"9","VCAM1",2.85623785134158,0.467,0.044,0
"9","MEG3",2.68474734129508,0.395,0.055,0
"9","TPM1",2.55794883931314,0.716,0.203,0
"9","ITGB8",2.53775426586192,0.751,0.206,0
"9","ALPK2",2.52715379290002,0.588,0.048,0
"9","FSTL3",2.49912883620025,0.317,0.037,0
"9","UGT2B7",2.0954919850217,0.645,0.157,0
"9","CREB5",2.09055197746144,0.416,0.038,0
"9","ENSG00000262619",2.06814078769432,0.336,0.021,0
"9","VMP1",2.05429592971288,0.824,0.36,0
"9","CDH6",1.89991189847049,0.352,0.037,0
"9","SULT1C4",1.71007422918191,0.38,0.059,0
"9","IL32",1.62592968652671,0.289,0.025,0
"9","RHEX",1.49858131551442,0.291,0.014,0
"9","LINC02615",1.44354977906037,0.334,0.038,0
"9","UGT2A3",1.40765680359049,0.36,0.05,0
"9","DLGAP1",1.39882169060374,0.27,0.012,0
"9","DOCK11",1.33152002722813,0.273,0.023,0
"9","ADGRG6",1.33075373066165,0.309,0.038,0
"9","ACSM2A",1.30097957915879,0.837,0.243,0
"9","PCA3",1.22281198095003,0.307,0.038,0
"9","LINC01317",1.88472731113215,0.651,0.203,3.37915719095805e-286
"9","PRUNE2",1.42803702446693,0.418,0.077,1.7063096887556e-281
"9","UGCG",1.72490487687712,0.478,0.11,4.17531831376462e-269
"9","TNFAIP2",1.51200238947349,0.339,0.054,4.55625850313911e-264
"9","AKAP12",1.61144283204239,0.296,0.041,1.16667620109241e-263
"9","TNFSF10",1.76763681547674,0.438,0.094,1.01473366587694e-258
"9","TTLL7",1.14996426233954,0.272,0.037,2.50068128343244e-243
"10","EGFL7",4.0761221323494,0.744,0.03,0
"10","PTPRB",3.33300006921544,0.603,0.021,0
"10","SLCO2A1",3.07673620822022,0.431,0.023,0
"10","PECAM1",3.0680416383752,0.451,0.015,0
"10","MEIS2",3.04640311679417,0.545,0.038,0
"10","SHANK3",2.79649302054394,0.451,0.044,0
"10","KLF2",2.70005087834013,0.336,0.02,0
"10","ENG",2.69364702395391,0.375,0.028,0
"10","ADCY4",2.65249317968879,0.353,0.012,0
"10","LIMS2",2.62332893187199,0.407,0.037,0
"10","TCF4",2.6051147138985,0.384,0.047,0
"10","FLT1",2.58703969210443,0.328,0.016,0
"10","IFI44L",2.49003705480015,0.298,0.023,0
"10","EMCN",2.37382021995462,0.369,0.026,0
"10","NHERF2",2.34187888358675,0.278,0.022,0
"10","TEK",2.26646773833642,0.295,0.016,0
"10","ARAP3",2.23559244665328,0.277,0.012,0
"10","PLXND1",2.17705591843052,0.271,0.014,0
"10","NOTCH4",2.15577272662154,0.284,0.009,0
"10","GPSM3",2.15099655830225,0.256,0.012,0
"10","LDB2",2.13898582704305,0.32,0.029,0
"10","ENSG00000258168",2.00945179337375,0.255,0.008,0
"10","CEACAM1",2.61531483317771,0.318,0.038,1.27833329447638e-283
"10","NOSTRIN",2.48854214026224,0.374,0.057,4.70177105603723e-271
"10","HLA-DRB5",1.98064777881041,0.252,0.024,4.1524898889388e-268
"10","RAPGEF5",2.03556316242615,0.255,0.025,9.91464149261105e-266
"10","IFI44",2.02111939445648,0.276,0.03,4.53354146314292e-264
"10","PLPP1",2.5016247701455,0.362,0.06,8.23278012050738e-238
"10","EPAS1",2.41897140928553,0.363,0.066,1.32037729891663e-220
"10","HLA-E",2.34404498159173,0.404,0.086,8.18091438536802e-208
"11","CFH",3.48409127785749,0.632,0.017,0
"11","SLC4A11",3.2986560308591,0.431,0.007,0
"11","CCN2",3.18107985595382,0.438,0.05,0
"11","ENSG00000285417",2.64866465011068,0.604,0.084,0
"11","ALDH1A2",2.63390172636396,0.523,0.046,0
"11","TPM1",2.62064752765202,0.754,0.207,0
"11","CLDN1",2.30883534404554,0.311,0.017,0
"11","ANXA1",2.23297478301263,0.337,0.03,0
"11","KCNT2",2.14991771071412,0.353,0.015,0
"11","ITGB3",2.1384382778415,0.448,0.06,0
"11","LINC01435",1.63087956854156,0.291,0.007,0
"11","NPR1",1.4762281526104,0.264,0.023,2.91880343254683e-300
"11","ADGRG6",1.53433628530362,0.331,0.04,8.01178468942641e-288
"11","VCAM1",2.95189312666663,0.35,0.054,1.8177816938588e-242
"11","TNNT2",1.52644800276039,0.251,0.028,4.40050059521392e-229
"11","DNM1",1.5510234735332,0.396,0.077,1.40921391848058e-212
"11","ENSG00000243081",1.43549275285161,0.313,0.049,9.57486710542825e-209
"11","SIPA1L2",1.56408856217316,0.332,0.055,1.3698771410254e-207
"11","CRYAB",2.51021998937372,0.438,0.098,1.39158057676449e-205
"11","SYNE1",1.71920802806679,0.84,0.46,9.67305385593749e-195
"11","ATF3",2.38580084973469,0.358,0.075,8.77061589698349e-178
"11","CTTNBP2",1.71026666454543,0.409,0.097,2.68055273998725e-177
"11","CD200",1.48112056870934,0.344,0.071,1.34533379921633e-170
"11","DUSP1",1.86935450399092,0.716,0.326,2.73886620709434e-169
"11","BICD1",1.81961745240362,0.484,0.147,1.69373169246374e-163
"11","BCAM",1.69248369739868,0.575,0.207,5.29137187503729e-162
"11","ITGB8",1.66317980583535,0.584,0.219,3.27357319960163e-146
"11","OSBPL10",1.3855958047546,0.349,0.083,6.35096687028537e-146
"11","PROM1",1.44842309620137,0.287,0.058,2.33590844397e-142
"11","ARHGAP10",1.2479163461342,0.3,0.063,2.86045703090643e-140
"12","PTPRQ",5.93880649863789,0.976,0.01,0
"12","PLA2R1",5.90285421604893,0.99,0.095,0
"12","PTPRO",4.70341253133602,0.955,0.018,0
"12","MAGI2",4.60727585428573,0.949,0.171,0
"12","MAGI2-AS3",4.35130030811173,0.965,0.218,0
"12","ALS2CL",4.27613233121422,0.921,0.065,0
"12","PODXL",3.5997335527241,0.892,0.075,0
"12","NTNG1",3.54886257368325,0.809,0.011,0
"12","CLIC5",3.48863454366429,0.83,0.032,0
"12","ZDHHC6",3.47083052160542,0.878,0.099,0
"12","VEGFA",3.29165010298947,0.963,0.287,0
"12","NFASC",3.24870274253524,0.825,0.023,0
"12","PTGDS",3.16629508078246,0.782,0.038,0
"12","PLCE1",3.03300718807842,0.857,0.053,0
"12","TARID",2.97058246462579,0.734,0.007,0
"12","NPHS2",2.95525145762532,0.731,0.012,0
"12","FGF1",2.91762406329438,0.636,0.013,0
"12","NPHS1",2.89924213480615,0.733,0.009,0
"12","COL4A3",2.79979394590748,0.948,0.319,0
"12","SRGAP2",2.75463936463393,0.758,0.046,0
"12","TYRO3",2.74611135780747,0.707,0.012,0
"12","SRGAP2B",2.7319470991944,0.768,0.065,0
"12","ST3GAL6",2.7310267534009,0.812,0.109,0
"12","CR1",2.68635432144529,0.653,0.006,0
"12","MME",2.62851448400316,0.905,0.161,0
"12","SRGAP2C",2.62449795311547,0.7,0.031,0
"12","RIPOR1",2.60263452165047,0.758,0.076,0
"12","ENSG00000230027",2.59092911483971,0.618,0.002,0
"12","CDC14A",2.54179902071028,0.677,0.054,0
"12","ARHGAP28",2.4825639359668,0.682,0.037,0
"13","ITGB6",2.85108453523757,0.66,0.099,0
"13","TMPRSS4",1.67389955917975,0.331,0.025,0
"13","CD44",1.8699297737658,0.292,0.027,7.68135622325201e-256
"13","CYTOR",1.60677149782496,0.428,0.074,4.10736716665376e-208
"13","MIR4435-2HG",1.92465418728302,0.567,0.142,2.29743786339258e-187
"13","S100A2",2.53192293946126,0.382,0.068,2.43903809439235e-179
"13","PAPPA2",1.80998902733509,0.263,0.035,6.39446536131532e-164
"13","UPP1",2.24967524935362,0.418,0.087,9.90045052363414e-161
"13","VMP1",1.93086029969732,0.802,0.37,1.87216777672564e-143
"13","MET",1.51817362433872,0.469,0.125,8.84347522256093e-134
"13","KCNIP4",1.25419302266583,0.515,0.145,2.28764379406169e-133
"13","WEE1",1.50707871991967,0.369,0.079,4.27094000169653e-133
"13","SLC16A5",1.3000129938415,0.394,0.089,2.04295830424108e-131
"13","ITGA3",1.59682154270026,0.452,0.12,1.55468366521785e-125
"13","ERBB4",1.38694089244655,0.613,0.214,1.45066737087359e-123
"13","ENSG00000270069",2.24689882491187,0.413,0.113,1.99360523618182e-111
"13","KLHL13",1.11954235771992,0.369,0.089,6.53303875404144e-110
"13","TCIM",1.55159683895051,0.452,0.135,2.16012681669121e-104
"13","MGLL",1.34812053421484,0.399,0.109,2.61917316353114e-102
"13","ACSL4",1.52140573554785,0.474,0.149,9.40781464292961e-100
"13","SLC12A1",1.02239697271012,0.635,0.225,7.28384220926783e-99
"13","NFKBIZ",1.59867400043228,0.495,0.168,3.7730970850703e-96
"13","DGKH",1.11244627135003,0.483,0.158,2.75318137377929e-94
"13","PPP1CB",1.23510052243211,0.575,0.224,1.05619587248941e-92
"13","FAM110C",1.13669436695856,0.282,0.064,6.55829022839397e-89
"13","BBOX1",1.74878172348818,0.282,0.066,6.56615542259952e-89
"13","LINC01606",0.99384040209357,0.445,0.139,1.08828949520484e-88
"13","PFKP",0.970096623093254,0.428,0.131,2.19879149351531e-88
"13","WFDC2",0.884586257160682,0.263,0.057,1.45632096605782e-85
"13","GPR132",0.990703577190417,0.307,0.076,4.59094577696584e-85
"14","SLC26A4",5.24982046896054,0.824,0.013,0
"14","SLC4A9",5.19591826098194,0.992,0.099,0
"14","ENSG00000249601",3.53980882089889,0.919,0.092,0
"14","IL18",3.24304833953721,0.743,0.094,0
"14","INSRR",3.2114072730594,0.675,0.003,0
"14","PLCG2",3.04876411443813,0.799,0.173,0
"14","DGKI",2.86027483053016,0.535,0.017,0
"14","KRT7",2.80249269978837,0.614,0.038,0
"14","ATP6V0A4",2.6519380926554,0.756,0.172,0
"14","IGFBP5",2.61201275680606,0.66,0.106,0
"14","BCO2",2.54869418274877,0.418,0.031,0
"14","GPSM2",2.54134329938872,0.475,0.047,0
"14","ENSG00000255292",2.41482990434791,0.43,0.037,0
"14","ENSG00000265460",2.40325648188251,0.666,0.076,0
"14","LINC00710",2.36164546091341,0.432,0.006,0
"14","CA8",2.34144668149668,0.54,0.044,0
"14","CELF2",2.31875666023524,0.469,0.03,0
"14","SEMA3C",2.27428682822408,0.555,0.069,0
"14","ATP6V0D2",2.19681070733046,0.567,0.086,0
"14","ATP6V1G3",2.17835229181366,0.486,0.048,0
"14","CLNK",2.15052687598876,0.743,0.09,0
"14","SAMHD1",2.14297511575687,0.418,0.022,0
"14","ATP6V1C2",2.1391337631085,0.615,0.084,0
"14","NTRK1",2.13367002199804,0.383,0.001,0
"14","TLDC2",1.89173709979596,0.349,0.002,0
"14","HEPACAM2",1.78610335063014,0.366,0.024,0
"14","SLC35F3",1.78279309548912,0.293,0.003,0
"14","B4GALNT2",1.73756591465559,0.347,0.022,0
"14","TSPAN8",1.69992054320244,0.315,0.015,0
"14","PACRG",1.9120662454631,0.456,0.063,5.87301353222725e-269
"15","ENSG00000249669",3.9325674357281,0.553,0.005,0
"15","PDGFRB",2.54410648085099,0.357,0.018,0
"15","CALD1",3.30536551282702,0.757,0.17,5.43551606308838e-302
"15","AEBP1",2.3951473372912,0.262,0.017,2.21779082802331e-277
"15","MEIS1",2.27873966353994,0.317,0.028,3.06293165837393e-252
"15","MGP",3.01976071630952,0.294,0.027,1.42943586283064e-230
"15","COL12A1",2.23633000160899,0.251,0.021,6.46691602972318e-213
"15","MEIS2",1.84403515697656,0.385,0.049,3.24115170259316e-206
"15","A2M",2.56023396608266,0.326,0.043,1.17483037770894e-177
"15","RAPGEF5",1.68924469697068,0.255,0.028,1.05343791934204e-158
"15","NFASC",1.99665789692065,0.294,0.042,4.4680460563057e-139
"15","CCN1",3.2472428769419,0.3,0.047,1.58398984691281e-137
"15","COL6A2",2.16139734230432,0.283,0.041,5.90293744813316e-137
"15","EPB41L2",1.75443696117864,0.274,0.044,1.77469474436369e-117
"15","FLNA",2.23725647867817,0.47,0.143,5.8746953328917e-102
"15","LIMA1",2.08246524179623,0.504,0.168,7.11472806444422e-101
"15","ITGA1",2.24343566620299,0.509,0.199,2.10727547398576e-83
"15","MEG3",1.66148414518277,0.285,0.066,9.33371528767634e-71
"15","FOS",2.66236791658083,0.436,0.156,1.34590579184046e-70
"15","NR4A1",2.35152003968549,0.474,0.197,1.30119526988514e-63
"15","ZEB2",1.87962646561051,0.283,0.082,2.90819251225534e-54
"15","TPM1",1.56335533483992,0.485,0.222,3.33485638970864e-51
"15","TINAGL1",1.43321705705286,0.281,0.097,1.06209542315996e-40
"15","NR2F2-AS1",1.68773735170207,0.457,0.238,1.31030262923538e-40
"15","PRKG1",1.55540243052982,0.326,0.134,2.01259750801009e-37
"15","ZFP36",1.80663016612891,0.383,0.174,1.3765232942446e-36
"15","MEF2C",1.24657443002674,0.255,0.087,3.28650103369392e-34
"15","ENSG00000281383",0.646267069588362,1,0.999,2.94339696440582e-33
"15","SLC38A2",1.82326722657519,0.4,0.209,1.45351793914063e-32
"15","ARHGEF17",1.47037347541539,0.291,0.122,1.6289480839323e-29
"16","EMCN",4.97319163522599,0.94,0.027,0
"16","PLAT",4.08740574388585,0.685,0.02,0
"16","PTPRB",3.99948897076497,0.863,0.033,0
"16","HECW2",3.91077733339585,0.778,0.007,0
"16","BTNL9",3.7821251590823,0.778,0.031,0
"16","MEIS2",3.61753401383852,0.827,0.048,0
"16","EGFL7",3.30829665552435,0.815,0.048,0
"16","PLPP1",3.20344578958378,0.71,0.064,0
"16","NHERF2",3.2018981355084,0.633,0.024,0
"16","NOSTRIN",3.19711899424619,0.746,0.06,0
"16","LDB2",3.12316393420257,0.669,0.032,0
"16","CRHBP",2.91586371701148,0.444,0.007,0
"16","FLT1",2.90618622366634,0.577,0.021,0
"16","ZEB1",2.75587289371009,0.593,0.045,0
"16","SHANK3",2.74540529911972,0.673,0.052,0
"16","MEG3",2.7291554382428,0.746,0.063,0
"16","CD34",2.72303690797057,0.484,0.012,0
"16","KLF2",2.71440435720705,0.496,0.027,0
"16","HIF3A",2.65875229207079,0.5,0.025,0
"16","KDR",2.64559532791526,0.468,0.009,0
"16","ENSG00000258168",2.6238189773433,0.472,0.012,0
"16","TEK",2.60933582017989,0.504,0.021,0
"16","RAPGEF4",2.60072634719088,0.5,0.015,0
"16","SLCO2A1",2.49334848329167,0.54,0.033,0
"16","NOTCH4",2.41130101424778,0.456,0.014,0
"16","EHD3",2.39468721898146,0.355,0.005,0
"16","ITGA8",2.32639169326736,0.343,0.008,0
"16","PECAM1",2.23402209702881,0.464,0.026,0
"16","PREX2",2.20131366903113,0.395,0.013,0
"16","ROBO4",2.19644406365867,0.359,0.012,0
"17","PTPRC",3.90528837867689,0.602,0.016,0
"17","INPP5D",2.55516245724604,0.327,0.012,0
"17","ITGA4",2.54484728940097,0.307,0.012,0
"17","IL10RA",2.50347404038593,0.287,0.004,0
"17","FYB1",2.47304673922961,0.295,0.011,0
"17","CXCR4",2.31359312690085,0.255,0.005,0
"17","CD53",2.27812603979572,0.287,0.003,0
"17","HCLS1",2.12892718854946,0.263,0.009,2.09132310933082e-292
"17","STK17B",2.69836006373436,0.375,0.023,4.78417854601467e-262
"17","CD69",2.86971654406213,0.259,0.011,5.15434865574126e-242
"17","IFI16",2.51214754953225,0.378,0.03,2.08224608522401e-198
"17","AKNA",2.40914859897647,0.267,0.016,9.97964427088478e-179
"17","CD37",2.35318806456225,0.287,0.019,1.68114035844968e-178
"17","CD44",2.438436918221,0.331,0.031,1.19158168332637e-146
"17","HLA-DRB1",2.69046449614617,0.307,0.037,3.24531164690657e-106
"17","CELF2",2.14615914977559,0.303,0.038,4.14777442651934e-98
"17","ADAM28",2.3745285766663,0.255,0.032,5.12074419361855e-81
"17","ANKRD44",2.45290250121841,0.43,0.095,6.06236305637291e-79
"17","ACAP1",2.14680344293814,0.267,0.038,8.79491099251773e-75
"17","CD74",2.6935270872414,0.327,0.064,1.2773973005148e-63
"17","DOCK10",1.99072113332577,0.275,0.052,1.0915338228306e-53
"17","CLEC2D",2.39210733454425,0.315,0.07,2.36234337732431e-52
"17","CIITA",2.40977366633285,0.271,0.055,4.89952122115408e-49
"17","DOCK8",2.0120839716912,0.299,0.077,6.37495588788472e-39
"17","ENSG00000281383",0.774687966069097,1,0.999,1.32985105370374e-37
"17","STK4",2.07640848775558,0.339,0.104,2.22632869053839e-36
"17","HLA-E",1.77753323178055,0.315,0.095,1.16155029746445e-31
"17","HLA-B",1.90985373174501,0.355,0.13,7.10936147754095e-28
"17","EVL",1.99518448128761,0.271,0.086,4.48139201897974e-25
"17","SMCHD1",1.77630119436743,0.514,0.302,2.27017407093669e-23
